institution,type,in-state-cost,out-state-cost
Alabama A & M University,Public,23462,32072
Alabama State University,Public,22110,30438
Auburn University,Public,31590,50838
Auburn University at Montgomery,Public,20314,29722
Birmingham Southern College,Private,34400,34400
Faulkner University,Private,35440,35440
Heritage Christian University,Private,20695,20695
Huntingdon College,Private,38485,38485
Jacksonville State University,Public,19613,27389
Judson College,Private,33272,33272
Miles College,Private,22418,22418
Oakwood University,Private,38762,38762
Samford University,Private,47863,47863
Selma University,Private,19810,19810
Spring Hill College,Private,57676,57676
Stillman College,Private,25092,25092
Talladega College,Private,23745,23745
The University of Alabama,Public,29872,48322
Troy University,Public,20147,27947
Tuskegee University,Private,39383,39383
University of Alabama at Birmingham,Public,26336,37472
University of Alabama in Huntsville,Public,26650,38298
University of Mobile,Private,39380,39380
University of Montevallo,Public,26290,39310
University of North Alabama,Public,22112,30422
University of South Alabama,Public,21706,29602
University of West Alabama,Public,21841,30291
Alaska Bible College,Private,19980,19980
Alaska Pacific University,Private,34600,34600
Ilisagvik College,Public,21080,21080
University of Alaska Anchorage,Public,27190,43372
University of Alaska Fairbanks,Public,20281,33842
University of Alaska Southeast,Public,20140,32904
Arizona Christian University,Private,42670,42670
Arizona State University-Downtown Phoenix,Public,29984,47498
Arizona State University-Polytechnic,Public,26101,41837
Arizona State University-Skysong,Public,27521,35833
Arizona State University-Tempe,Public,28048,45562
Arizona State University-West,Public,26006,41742
Dine College,Public,12000,12000
Embry-Riddle Aeronautical University-Prescott,Private,53046,53046
Grand Canyon University,For-Profit,32100,32100
International Baptist College and Seminary,Private,25029,25029
Northern Arizona University,Public,27266,41530
Ottawa University-Surprise,Private,44295,44295
Prescott College,Private,43295,43295
University of Advancing Technology,For-Profit,26068,26068
University of Arizona,Public,29217,53116
Arkansas Baptist College,Private,23060,23060
Arkansas State University-Main Campus,Public,23101,29791
Arkansas Tech University,Public,18785,24209
Central Baptist College,Private,27304,27304
Champion Christian College,Private,13840,13840
Crowley’s Ridge College,Private,22910,22910
Ecclesia College,Private,28430,28430
Harding University,Private,30671,30671
Henderson State University,Public,20996,22646
Hendrix College,Private,63174,63174
John Brown University,Private,39802,39802
Lyon College,Private,41420,41420
Ouachita Baptist University,Private,38770,38770
Philander Smith College,Private,26007,26007
Southern Arkansas University Main Campus,Public,23051,27131
University of Arkansas,Public,25500,41538
University of Arkansas at Little Rock,Public,24073,36283
University of Arkansas at Monticello,Public,18812,24662
University of Arkansas at Pine Bluff,Public,20790,27150
University of Arkansas-Fort Smith,Public,19983,27056
University of Central Arkansas,Public,22563,29086
University of the Ozarks,Private,35030,35030
Williams Baptist University,Private,29630,29630
Academy of Art University,For-Profit,44226,44226
American Jewish University,Private,54615,54615
Azusa Pacific University,Private,54144,54144
Biola University,Private,56956,56956
California Aeronautical University,For-Profit,54335,54335
California Baptist University,Private,47694,47694
California Christian College,Private,21611,21611
California College of the Arts,Private,67074,67074
California Institute of Technology,Private,72084,72084
California Institute of the Arts,Private,71135,71135
California Lutheran University,Private,61599,61599
California Polytechnic State University-San Luis Obispo,Public,28302,40182
California State Polytechnic University-Pomona,Public,28891,40771
California State University Maritime Academy,Public,27350,39230
California State University-Bakersfield,Public,26009,37889
California State University-Channel Islands,Public,25517,37397
California State University-Chico,Public,24624,36504
California State University-Dominguez Hills,Public,23722,35602
California State University-East Bay,Public,25143,37023
California State University-Fresno,Public,21418,33298
California State University-Fullerton,Public,27738,39618
California State University-Long Beach,Public,24738,36618
California State University-Los Angeles,Public,26139,38019
California State University-Monterey Bay,Public,23564,35444
California State University-Northridge,Public,22969,34849
California State University-Sacramento,Public,26454,38334
California State University-San Bernardino,Public,23878,35758
California State University-San Marcos,Public,25325,37205
California State University-Stanislaus,Public,21886,33766
Chapman University,Private,73182,73182
Claremont McKenna College,Private,73810,73810
Cogswell College,For-Profit,40272,40272
Concordia University-Irvine,Private,51930,51930
Dominican University of California,Private,65818,65818
Feather River Community College District,Public,16027,23077
Fresno Pacific University,Private,46569,46569
Harvey Mudd College,Private,76947,76947
Holy Names University,Private,57674,57674
Hope International University,Private,49047,49047
Humboldt State University,Public,24811,36691
John Paul the Great Catholic University,Private,43512,43512
La Sierra University,Private,48267,48267
Laguna College of Art and Design,Private,51400,51400
Life Pacific College,Private,29301,29301
Loyola Marymount University,Private,67369,67369
Marymount California University,Private,55822,55822
Menlo College,Private,60318,60318
Mills College,Private,47784,47784
Minerva Schools at Keck Graduate Institute,Private,26950,26950
Mount Saint Mary’s University,Private,61287,61287
Musicians Institute,For-Profit,42255,42255
Notre Dame de Namur University,Private,56288,56288
Occidental College,Private,74132,74132
Otis College of Art and Design,Private,66160,66160
Pacific Union College,Private,43527,43527
Pepperdine University,Private,73002,73002
Pitzer College,Private,72900,72900
Point Loma Nazarene University,Private,51308,51308
Pomona College,Private,71996,71996
Providence Christian College,Private,45929,45929
Saint Mary’s College of California,Private,67168,67168
San Diego Christian College,Private,48400,48400
San Diego State University,Public,29318,41170
San Francisco Art Institute,Private,71069,71069
San Francisco Conservatory of Music,Private,66900,66900
San Francisco State University,Public,27480,39360
San Jose State University,Public,29193,41073
Santa Clara University,Private,71778,71778
Scripps College,Private,73756,73756
Shasta Bible College and Graduate School,Private,25900,25900
Shasta College,Public,11397,17013
Simpson University,Private,43925,43925
Soka University of America,Private,48996,48996
Sonoma State University,Public,26626,38506
Southern California Seminary,Private,35141,35141
Stanford University,Private,71587,71587
SUM Bible College and Theological Seminary,Private,22990,22990
The Colburn Conservatory of Music,Private,76427,76427
The Master’s University and Seminary,Private,40582,40582
Thomas Aquinas College,Private,36738,36738
University of California-Berkeley,Public,38066,67058
University of California-Davis,Public,35177,64169
University of California-Irvine,Public,34261,63253
University of California-Los Angeles,Public,34620,63612
University of California-Merced,Public,35663,64655
University of California-Riverside,Public,35242,64234
University of California-San Diego,Public,32838,61830
University of California-Santa Barbara,Public,36659,65651
University of California-Santa Cruz,Public,36217,65209
University of La Verne,Private,61696,61696
University of Redlands,Private,68922,68922
University of San Diego,Private,67498,67498
University of San Francisco,Private,68296,68296
University of Southern California,Private,74825,74825
University of the Pacific,Private,66971,66971
University of the West,Private,25914,25914
Vanguard University of Southern California,Private,48800,48800
Westcliff University,For-Profit,20895,20895
Westmont College,Private,62600,62600
Whittier College,Private,63828,63828
William Jessup University,Private,49747,49747
Woodbury University,Private,56497,56497
Yeshiva Ohr Elchonon Chabad West Coast Talmudical Seminary,Private,26600,26600
Zaytuna College,Private,37360,37360
Adams State University,Public,22708,33724
Colorado Christian University,Private,45525,45525
Colorado College,Private,71642,71642
Colorado Mesa University,Public,24142,36459
Colorado Mountain College,Public,16546,23098
Colorado School of Mines,Public,35498,55118
Colorado State University-Fort Collins,Public,26231,44132
Colorado State University-Pueblo,Public,27280,43201
Fort Lewis College,Public,25428,36084
Johnson & Wales University-Denver,Private,48429,48429
Naropa University,Private,50810,50810
Regis University,Private,53192,53192
University of Colorado Boulder,Public,31044,55798
University of Colorado Colorado Springs,Public,25843,37387
University of Colorado Denver/Anschutz Medical Campus,Public,29357,45845
University of Denver,Private,67656,67656
University of Northern Colorado,Public,25494,37362
Western State Colorado University,Public,24073,35545
Albertus Magnus College,Private,53124,53124
Central Connecticut State University,Public,25869,38377
Connecticut College,Private,71970,71970
Eastern Connecticut State University,Public,27967,40475
Fairfield University,Private,65940,65940
Goodwin College,Private,33970,33970
Holy Apostles College and Seminary,Private,22220,22220
Lincoln College of New England-Southington,For-Profit,37510,37510
Mitchell College,Private,50600,50600
Post University,For-Profit,33560,33560
Quinnipiac University,Private,65300,65300
Sacred Heart University,Private,60580,60580
Southern Connecticut State University,Public,26810,39320
Trinity College,Private,74160,74160
University of Bridgeport,Private,55583,55583
University of Connecticut,Public,32404,54772
University of Connecticut-Stamford,Public,33294,55662
University of Hartford,Private,56599,56599
University of New Haven,Private,58306,58306
University of Saint Joseph,Private,51901,51901
Wesleyan University,Private,72669,72669
Western Connecticut State University,Public,27481,39989
Yale University,Private,73900,73900
Delaware State University,Public,23420,32456
Goldey-Beacom College,Private,39590,39590
University of Delaware,Public,29342,49972
Wesley College,Private,42248,42248
American University,Private,66268,66268
Catholic University of America,Private,64560,64560
Gallaudet University,Private,38176,38176
George Washington University,Private,71930,71930
Georgetown University,Private,73840,73840
Howard University,Private,44651,44651
Trinity Washington University,Private,37970,37970
AdventHealth University,Private,25304,25304
Ave Maria University,Private,36261,36261
Barry University,Private,46898,46898
Beacon College,Private,57506,57506
Bethune-Cookman University,Private,29876,29876
Chipola College,Public,11415,17245
Eckerd College,Private,61576,61576
Edward Waters College,Private,25083,25083
Embry-Riddle Aeronautical University-Daytona Beach,Private,53250,53250
Flagler College-St Augustine,Private,34990,34990
Florida Agricultural and Mechanical University,Public,23207,35147
Florida Atlantic University,Public,24235,36680
Florida College,Private,30062,30062
Florida Gateway College,Public,11767,20414
Florida Gulf Coast University,Public,20390,39434
Florida Institute of Technology,Private,59530,59530
Florida International University,Public,23496,35904
Florida Keys Community College,Public,20961,30847
Florida Memorial University,Private,29812,29812
Florida Polytechnic University,Public,21570,21570
Florida Southern College,Private,52020,52020
Florida SouthWestern State College,Public,16371,25949
Florida State College at Jacksonville,Public,14589,21703
Florida State University,Public,22168,35298
Hobe Sound Bible College,Private,15865,15865
Jacksonville University,Private,54868,54868
Johnson & Wales University-North Miami,Private,48429,48429
Johnson University Florida,Private,26718,26718
Lynn University,Private,56823,56823
New College of Florida,Public,20650,43678
Nova Southeastern University,Private,50597,50597
Palm Beach Atlantic University,Private,48914,48914
Ringling College of Art and Design,Private,67554,67554
Rollins College,Private,67862,67862
Saint John Vianney College Seminary,Private,37200,37200
Saint Leo University,Private,39796,39796
Southeastern University,Private,39702,39702
St. Thomas University,Private,49276,49276
Stetson University,Private,63282,63282
Talmudic College of Florida,Private,26650,26650
The Baptist College of Florida,Private,19062,19062
The University of Tampa,Private,45450,45450
The University of West Florida,Public,19014,31895
Trinity Baptist College,Private,23230,23230
Trinity College of Florida,Private,26840,26840
University of Central Florida,Public,22548,38647
University of Florida,Public,21211,43489
University of Miami,Private,68460,68460
University of North Florida,Public,21384,35788
University of South Florida-Main Campus,Public,23320,34234
University of South Florida-St Petersburg,Public,22731,33646
Warner University,Private,33568,33568
Webber International University,Private,41394,41394
Yeshivah Gedolah Rabbinical College,Private,17200,17200
Abraham Baldwin Agricultural College,Public,15345,22083
Agnes Scott College,Private,55625,55625
Albany State University,Public,19133,29594
Andrew College,Private,37528,37528
Augusta University,Public,21254,35806
Berry College,Private,52480,52480
Beulah Heights University,Private,22460,22460
Brenau University,Private,45518,45518
Brewton-Parker College,Private,31598,31598
Carver Bible College,Private,25000,25000
Clark Atlanta University,Private,38154,38154
Clayton State University,Public,20012,30473
College of Coastal Georgia,Public,21706,30158
Columbus State University,Public,21746,32532
Covenant College,Private,47430,47430
Dalton State College,Public,16612,25034
East Georgia State College,Public,16478,22675
Emmanuel College,Private,31592,31592
Emory University,Private,69502,69502
Fort Valley State University,Public,21530,34610
Georgia College & State University,Public,28536,47250
Georgia Gwinnett College,Public,24714,35428
Georgia Institute of Technology-Main Campus,Public,28776,49372
Georgia Military College,Public,18051,18051
Georgia Southern University,Public,23014,33800
Georgia Southwestern State University,Public,19424,29885
Georgia State University,Public,26014,40873
Gordon State College,Public,17067,23249
Kennesaw State University,Public,25773,36755
LaGrange College,Private,46180,46180
Life University,Private,39096,39096
Mercer University,Private,52488,52488
Middle Georgia State University,Public,15895,23063
Morehouse College,Private,48500,48500
Oglethorpe University,Private,55250,55250
Paine College,Private,26782,26782
Piedmont College,Private,40478,40478
Point University,Private,30500,30500
Reinhardt University,Private,40700,40700
Savannah College of Art and Design,Private,57443,57443
Savannah State University,Public,17255,27716
Shorter University,Private,35130,35130
South Georgia State College,Public,18110,24307
Spelman College,Private,52929,52929
Thomas University,Private,27180,27180
Toccoa Falls College,Private,37392,37392
Truett McConnell University,Private,32880,32880
University of Georgia,Public,26688,45262
University of North Georgia,Public,20492,29314
University of West Georgia,Public,24396,35182
Valdosta State University,Public,21320,32106
Wesleyan College,Private,34860,34860
Young Harris College,Private,43389,43389
Brigham Young University-Hawaii,Private,19054,19054
Chaminade University of Honolulu,Private,42945,42945
Hawaii Pacific University,Private,44414,44414
Pacific Rim Christian University,Private,21877,21877
University of Hawaii at Hilo,Public,20530,33490
University of Hawaii at Manoa,Public,29858,51890
Boise Bible College,Private,23818,23818
Boise State University,Public,23076,39158
Brigham Young University-Idaho,Private,12050,12050
Idaho State University,Public,21548,37068
Lewis-Clark State College,Public,17218,29836
Northwest Nazarene University,Private,40890,40890
The College of Idaho,Private,43349,43349
University of Idaho,Public,21350,38986
Augustana College,Private,54907,54907
Aurora University,Private,37994,37994
Benedictine University,Private,50006,50006
Blackburn College,Private,31990,31990
Bradley University,Private,47820,47820
Chicago State University,Public,24587,31547
Columbia College Chicago,Private,45644,45644
Concordia University-Chicago,Private,44426,44426
DePaul University,Private,57678,57678
Dominican University,Private,46175,46175
Eastern Illinois University,Public,24305,26525
Elmhurst College,Private,51199,51199
Eureka College,Private,37010,37010
Governors State University,Public,25092,34482
Greenville University,Private,40348,40348
Hebrew Theological College,Private,32194,32194
Illinois College,Private,43870,43870
Illinois Institute of Technology,Private,65386,65386
Illinois State University,Public,29758,41282
Illinois Wesleyan University,Private,61020,61020
Judson University,Private,43368,43368
Knox College,Private,58324,58324
Lake Forest College,Private,60980,60980
Lewis University,Private,46758,46758
Lincoln Christian University,Private,26581,26581
Lincoln College,Private,35580,35580
Loyola University Chicago,Private,61328,61328
MacMurray College,Private,38650,38650
McKendree University,Private,43500,43500
Methodist College,Private,42100,42100
Millikin University,Private,49920,49920
Monmouth College,Private,49590,49590
Moody Bible Institute,Private,27080,27080
National Louis University,Private,31050,31050
North Central College,Private,52728,52728
North Park University,Private,43005,43005
Northeastern Illinois University,Public,31531,41039
Northern Illinois University,Public,29117,29117
Northwestern University,Private,74649,74649
Olivet Nazarene University,Private,47670,47670
Principia College,Private,43080,43080
Quincy University,Private,42462,42462
Robert Morris University Illinois,Private,48690,48690
Rockford University,Private,44270,44270
Roosevelt University,Private,48655,48655
Saint Xavier University,Private,48436,48436
School of the Art Institute of Chicago,Private,67870,67870
Southern Illinois University-Carbondale,Public,29367,43823
Southern Illinois University-Edwardsville,Public,25637,25637
Telshe Yeshiva-Chicago,Private,17500,17500
Trinity Christian College,Private,43865,43865
Trinity International University-Illinois,Private,46510,46510
University of Chicago,Private,78555,78555
University of Illinois at Chicago,Public,30866,44082
University of Illinois at Springfield,Public,25473,34998
University of Illinois at Urbana-Champaign,Public,30102,46672
University of St Francis,Private,45664,45664
Western Illinois University,Public,25997,25997
Wheaton College,Private,49300,49300
Anderson University,Private,45290,45290
Ball State University,Public,24550,41122
Bethel College-Indiana,Private,41590,41590
Butler University,Private,59660,59660
DePauw University,Private,64924,64924
Earlham College,Private,59850,59850
Franklin College,Private,46156,46156
Goshen College,Private,47940,47940
Grace College and Theological Seminary,Private,35902,35902
Hanover College,Private,51950,51950
Holy Cross College,Private,45744,45744
Huntington University,Private,38222,38222
Indiana Institute of Technology,Private,41116,41116
Indiana State University,Public,23146,33892
Indiana University-Bloomington,Public,24779,49554
Indiana University-Purdue University-Indianapolis,Public,22537,42893
Indiana University-South Bend,Public,19966,32022
Indiana University-Southeast,Public,20838,32894
Indiana Wesleyan University-Marion,Private,38578,38578
Manchester University,Private,45026,45026
Marian University,Private,49602,49602
Oakland City University,Private,38968,38968
Purdue University Fort Wayne,Public,22200,34038
Purdue University Northwest,Public,22871,32547
Purdue University-Main Campus,Public,22822,41624
Rose-Hulman Institute of Technology,Private,67697,67697
Saint Mary’s College,Private,57300,57300
Saint Mary-of-the-Woods College,Private,45514,45514
Taylor University,Private,47228,47228
Trine University,Private,47586,47586
Union Bible College,Private,14920,14920
University of Evansville,Private,52190,52190
University of Indianapolis,Private,45382,45382
University of Notre Dame,Private,71801,71801
University of Saint Francis-Fort Wayne,Private,43970,43970
University of Southern Indiana,Public,21081,32168
Valparaiso University,Private,54940,54940
Vincennes University,Public,20202,28259
Wabash College,Private,57250,57250
Briar Cliff University,Private,44486,44486
Buena Vista University,Private,46808,46808
Central College,Private,52098,52098
Clarke University,Private,47400,47400
Coe College,Private,57200,57200
Cornell College,Private,58381,58381
Divine Word College,Private,20110,20110
Dordt College,Private,45070,45070
Drake University,Private,56724,56724
Emmaus Bible College,Private,29150,29150
Faith Baptist Bible College and Theological Seminary,Private,28115,28115
Graceland University-Lamoni,Private,42440,42440
Grand View University,Private,40388,40388
Grinnell College,Private,68302,68302
Iowa State University,Public,21186,35590
Iowa Wesleyan University,Private,40173,46073
Loras College,Private,45570,45570
Luther College,Private,55805,55805
Maharishi University of Management,Private,28730,28730
Morningside College,Private,45579,45579
Mount Mercy University,Private,46532,46532
Northwestern College,Private,44600,44600
Palmer College of Chiropractic,Private,32054,32054
Saint Ambrose University,Private,45966,45966
Simpson College,Private,52040,52040
University of Dubuque,Private,45890,45890
University of Iowa,Public,24239,46205
University of Northern Iowa,Public,20934,31476
Upper Iowa University,Private,43750,43750
Waldorf University,For-Profit,34039,34039
Wartburg College,Private,53675,53675
William Penn University,Private,38200,38200
Baker University,Private,44410,44410
Barclay College,Private,32500,32500
Benedictine College,Private,44850,44850
Bethany College,Private,45019,45019
Bethel College-North Newton,Private,42765,42765
Central Christian College of Kansas,Private,30280,30280
Emporia State University,Public,20088,34005
Fort Hays State University,Public,18048,28128
Friends University,Private,41887,41887
Haskell Indian Nations University,Public,8650,8650
Hesston College,Private,40100,40100
Kansas Christian College,Private,17590,17590
Kansas State University,Public,24923,40427
Kansas Wesleyan University,Private,42200,42200
Manhattan Christian College,Private,30352,30352
McPherson College,Private,42118,42118
MidAmerica Nazarene University,Private,46412,46412
Newman University,Private,43988,43988
Ottawa University-Ottawa,Private,44460,44460
Pittsburg State University,Public,19902,31246
Southwestern College,Private,44809,44809
Sterling College,Private,37306,37306
Tabor College,Private,43760,43760
University of Kansas,Public,26566,42776
University of Saint Mary,Private,41870,41870
Washburn University,Public,22056,32304
Wichita State University,Public,24042,33224
Alice Lloyd College,Private,24290,24290
Asbury University,Private,41568,41568
Bellarmine University,Private,61138,61138
Berea College,Private,49854,49854
Brescia University,Private,36450,36450
Campbellsville University,Private,39586,39586
Centre College,Private,55420,55420
Clear Creek Baptist Bible College,Private,18865,18865
Eastern Kentucky University,Public,23706,33484
Georgetown College,Private,51930,51930
Kentucky Christian University,Private,33424,33424
Kentucky Mountain Bible College,Private,15510,15510
Kentucky State University,Public,17078,28378
Kentucky Wesleyan College,Private,40862,40862
Lindsey Wilson College,Private,40478,40478
Midway University,Private,41430,41430
Morehead State University,Public,22812,27288
Murray State University,Public,23472,38928
Northern Kentucky University,Public,23244,32892
Spalding University,Private,39487,39487
Sullivan University,For-Profit,29044,29044
The Southern Baptist Theological Seminary,Private,30783,30783
Thomas More College,Private,42854,42854
Transylvania University,Private,52310,52310
Union College,Private,40040,40040
University of Kentucky,Public,30101,46955
University of Louisville,Public,27980,43602
University of Pikeville,Private,37750,37750
University of the Cumberlands,Private,38400,38400
Western Kentucky University,Public,21840,37608
Centenary College of Louisiana,Private,54300,54300
Dillard University,Private,33684,33684
Grambling State University,Public,26091,35114
Louisiana College,Private,27038,27038
Louisiana State University and Agricultural & Mechanical College,Public,30360,47037
Louisiana State University-Alexandria,Public,19171,26526
Louisiana Tech University,Public,21267,30180
Loyola University New Orleans,Private,56564,56564
McNeese State University,Public,21526,29564
New Orleans Baptist Theological Seminary,Private,18320,18320
Nicholls State University,Public,23118,24211
Northwestern State University of Louisiana,Public,22672,33460
Saint Joseph Seminary College,Private,36347,36347
Southeastern Louisiana University,Public,22601,35079
Southern University and A & M College,Public,23123,30473
Southern University at New Orleans,Public,21353,30254
Tulane University of Louisiana,Private,72296,72296
University of Holy Cross,Private,32297,32297
University of Louisiana at Lafayette,Public,25922,39650
University of Louisiana at Monroe,Public,21762,33862
University of New Orleans,Public,25223,30059
Xavier University of Louisiana,Private,37437,37437
Bates College,Private,71168,71168
Bowdoin College,Private,70710,70710
Colby College,Private,71202,71202
College of the Atlantic,Private,54918,54918
Husson University,Private,31150,31150
Maine College of Art,Private,50690,50690
Maine College of Health Professions,Private,20145,20145
Maine Maritime Academy,Public,27688,41308
Saint Joseph’s College of Maine,Private,52230,52230
Thomas College,Private,40950,40950
Unity College,Private,41720,41720
University of Maine,Public,25088,44888
University of Maine at Farmington,Public,22562,32042
University of Maine at Fort Kent,Public,19835,24035
University of Maine at Machias,Public,19925,27195
University of Maine at Presque Isle,Public,19941,24141
University of New England,Private,56560,56560
University of Southern Maine,Public,22968,35344
Bais HaMedrash and Mesivta of Baltimore,Private,22100,22100
Bowie State University,Public,23238,33878
Capitol Technology University,Private,39632,39632
Coppin State University,Public,23332,29603
Frostburg State University,Public,23810,37530
Goucher College,Private,62506,62506
Hood College,Private,56586,56586
Johns Hopkins University,Private,71901,71901
Loyola University Maryland,Private,66200,66200
Maryland Institute College of Art,Private,64910,64910
McDaniel College,Private,57610,57610
Morgan State University,Public,24101,34368
Mount St. Mary’s University,Private,57125,57125
Ner Israel Rabbinical College,Private,23250,23250
Notre Dame of Maryland University,Private,51670,51670
Salisbury University,Public,25774,35476
St. John’s College,Private,67325,67325
St. Mary’s College of Maryland,Public,30378,46140
Stevenson University,Private,53149,53149
Towson University,Public,26834,40102
University of Maryland Eastern Shore,Public,24216,34422
University of Maryland-Baltimore County,Public,28058,43152
University of Maryland-College Park,Public,27146,51767
Washington Adventist University,Private,35570,35570
Washington College,Private,64542,64542
Yeshiva College of the Nations Capital,Private,23100,23100
American International College,Private,52680,52680
Amherst College,Private,73966,73966
Anna Maria College,Private,54090,54090
Assumption College,Private,56443,56443
Babson College,Private,70378,70378
Bard College at Simon’s Rock,Private,71998,71998
Bay Path University,Private,50524,50524
Bay State College,For-Profit,43620,43620
Becker College,Private,57160,57160
Benjamin Franklin Institute of Technology,Private,40850,40850
Bentley University,Private,68710,68710
Berklee College of Music,Private,65144,65144
Boston Architectural College,Private,39988,39988
Boston Baptist College,Private,26691,26691
Boston College,Private,73092,73092
Boston University,Private,72618,72618
Brandeis University,Private,73335,73335
Bridgewater State University,Public,26811,32951
Clark University,Private,56650,56650
College of Our Lady of the Elms,Private,52462,52462
College of the Holy Cross,Private,69190,69190
Curry College,Private,58550,58550
Dean College,Private,58770,58770
Eastern Nazarene College,Private,41414,41414
Emerson College,Private,68392,68392
Emmanuel College,Private,58153,58153
Endicott College,Private,51674,51674
Fisher College,Private,52510,52510
Fitchburg State University,Public,24576,30656
Framingham State University,Public,27510,33590
Franklin W Olin College of Engineering,Private,71950,71950
Gordon College,Private,50670,50670
Hampshire College,Private,67174,67174
Harvard University,Private,71650,71650
Hellenic College-Holy Cross Greek Orthodox School of Theology,Private,41282,41282
Hult International Business School,Private,61250,61250
Lasell College,Private,54900,54900
Lesley University,Private,49255,49255
Massachusetts College of Art and Design,Public,30200,53400
Massachusetts College of Liberal Arts,Public,25965,34910
Massachusetts Institute of Technology,Private,70240,70240
Massachusetts Maritime Academy,Public,27858,44236
MCPHS University,Private,55120,55120
Merrimack College,Private,60055,60055
Montserrat College of Art,Private,49000,49000
Mount Holyoke College,Private,66558,66558
Newbury College,Private,54040,54040
Nichols College,Private,52550,52550
Northeastern University,Private,70592,70592
Northpoint Bible College,Private,28180,28180
Pine Manor College,Private,48290,48290
Regis College,Private,59360,59360
Saint John’s Seminary,Private,37215,37215
Salem State University,Public,27384,33824
Simmons University,Private,59880,59880
Smith College,Private,72701,72701
Springfield College,Private,53244,53244
Stonehill College,Private,61246,61246
Suffolk University,Private,57871,57871
The New England Conservatory of Music,Private,67650,67650
Tufts University,Private,73500,73500
University of Massachusetts-Amherst,Public,30913,49596
University of Massachusetts-Boston,Public,36647,56446
University of Massachusetts-Dartmouth,Public,30275,45495
University of Massachusetts-Lowell,Public,30552,48199
Wellesley College,Private,72250,72250
Wentworth Institute of Technology,Private,53390,53390
Western New England University,Private,53759,53759
Westfield State University,Public,25120,31200
Wheaton College,Private,68050,68050
Williams College,Private,73200,73200
Worcester Polytechnic Institute,Private,67504,67504
Worcester State University,Public,26491,32571
Adrian College,Private,53481,53481
Albion College,Private,59470,59470
Alma College,Private,54270,54270
Alpena Community College,Public,16140,16140
Andrews University,Private,40566,40566
Aquinas College,Private,44588,44588
Baker College,Private,21000,21000
Calvin College,Private,48900,48900
Central Michigan University,Public,24889,36049
Cleary University,Private,33684,33684
College for Creative Studies,Private,59610,59610
Concordia University-Ann Arbor,Private,44150,44150
Cornerstone University,Private,36772,36772
Davenport University,Private,31564,31564
Eastern Michigan University,Public,26196,26196
Ferris State University,Public,23194,23194
Finlandia University,Private,36088,36088
Grace Christian University,Private,24255,24255
Grand Valley State University,Public,24948,30226
Great Lakes Christian College,Private,27742,27742
Hillsdale College,Private,41778,41778
Hope College,Private,47000,47000
Jackson College,Public,21916,24361
Kalamazoo College,Private,61531,61531
Kettering University,Private,60427,60427
Kuyper College,Private,31898,31898
Lake Michigan College,Public,19725,19725
Lake Superior State University,Public,24477,24477
Lawrence Technological University,Private,49428,49428
Madonna University,Private,35670,35670
Michigan State University,Public,28862,54168
Michigan Technological University,Public,29969,48049
Northern Michigan University,Public,24187,29683
Northwestern Michigan College,Public,22333,24340
Northwood University,Private,41670,41670
Oakland University,Public,25524,37148
Olivet College,Private,41236,41236
Rochester College,Private,33292,33292
Sacred Heart Major Seminary,Private,36475,36475
Saginaw Valley State University,Public,22254,36161
Siena Heights University,Private,40378,40378
Spring Arbor University,Private,41400,41400
University of Detroit Mercy,Private,41226,41226
University of Michigan-Ann Arbor,Public,30298,64386
University of Michigan-Flint,Public,25001,35762
Wayne State University,Public,27157,42051
Western Michigan University,Public,26009,28899
Yeshiva Gedolah of Greater Detroit,Private,15000,15000
Augsburg University,Private,52780,52780
Bemidji State University,Public,20994,20994
Bethany Global University,Private,26478,26478
Bethany Lutheran College,Private,38370,38370
Bethel University,Private,51700,51700
Bethlehem College & Seminary,Private,13360,13360
Carleton College,Private,71325,71325
College of Saint Benedict,Private,58668,58668
Concordia College at Moorhead,Private,51798,51798
Concordia University-Saint Paul,Private,35275,35275
Crown College,Private,40762,40762
Dunwoody College of Technology,Private,36288,36288
Gustavus Adolphus College,Private,57370,57370
Hamline University,Private,53538,53538
Macalester College,Private,68627,68627
Martin Luther College,Private,26590,26590
Minneapolis College of Art and Design,Private,52248,52248
Minnesota State University Moorhead,Public,21996,29406
Minnesota State University-Mankato,Public,20482,28533
North Central University,Private,36454,36454
Oak Hills Christian College,Private,30478,30478
Saint Cloud State University,Public,20991,29225
Saint Johns University,Private,57809,57809
Saint Mary’s University of Minnesota,Private,47290,47290
Southwest Minnesota State University,Public,20984,20984
St Catherine University,Private,52164,52164
St Olaf College,Private,60590,60590
The College of Saint Scholastica,Private,50352,50352
University of Minnesota-Crookston,Public,23560,23560
University of Minnesota-Duluth,Public,24614,29732
University of Minnesota-Morris,Public,24256,26284
University of Minnesota-Rochester,Public,26222,26222
University of Minnesota-Twin Cities,Public,27898,43576
University of Northwestern-St Paul,Private,44340,44340
University of St Thomas,Private,56664,56664
Winona State University,Public,21975,27898
Alcorn State University,Public,24032,24032
Belhaven University,Private,35450,35450
Blue Mountain College,Private,23435,23435
Delta State University,Public,20068,20068
Jackson State University,Public,24029,35257
Millsaps College,Private,56631,56631
Mississippi College,Private,34005,34005
Mississippi State University,Public,24957,39557
Mississippi University for Women,Public,20079,20079
Mississippi Valley State University,Public,20714,20714
Rust College,Private,16700,16700
Southeastern Baptist College,Private,10525,10525
Tougaloo College,Private,22840,22840
University of Mississippi,Public,25436,41390
University of Southern Mississippi,Public,24048,26048
William Carey University,Private,22694,22694
Avila University,Private,31598,31598
Baptist Bible College,Private,25500,25500
Calvary University,Private,18712,18712
Central Christian College of the Bible,Private,24043,24043
Central Methodist University-College of Liberal Arts and Sciences,Private,38840,38840
College of the Ozarks,Private,30220,30220
Columbia College,Private,36352,36352
Conception Seminary College,Private,38200,38200
Cottey College,Private,32536,32536
Culver-Stockton College,Private,39800,39800
Drury University,Private,40951,40951
Drury University-College of Continuing Professional Studies,Private,22777,22777
Evangel University,Private,37374,37374
Fontbonne University,Private,41982,41982
Hannibal-LaGrange University,Private,34700,34700
Harris-Stowe State University,Public,21778,26410
Kansas City Art Institute,Private,55050,55050
Kenrick Glennon Seminary,Private,38190,38190
Lincoln University,Public,19752,26292
Lindenwood University,Private,30500,30500
Maryville University of Saint Louis,Private,46076,46076
Midwestern Baptist Theological Seminary,Private,20256,20256
Missouri Baptist University,Private,41185,41185
Missouri Southern State University,Public,17666,24168
Missouri State University-Springfield,Public,21782,29732
Missouri University of Science and Technology,Public,22440,39461
Missouri Valley College,Private,34730,34730
Missouri Western State University,Public,20575,26450
Northwest Missouri State University,Public,19751,25073
Ozark Christian College,Private,22178,22178
Park University,Private,24499,24499
Ranken Technical College,Private,25239,25239
Rockhurst University,Private,53031,53031
Saint Louis Christian College,Private,20910,20910
Saint Louis University,Private,61018,61018
Southeast Missouri State University,Public,21570,27307
Southwest Baptist University,Private,35298,35298
St. Louis College of Pharmacy,Private,47342,47342
Stephens College,Private,45401,45401
Truman State University,Public,21329,28181
University of Central Missouri,Public,19953,26722
University of Missouri-Columbia,Public,26766,43836
University of Missouri-Kansas City,Public,24116,36145
University of Missouri-St Louis,Public,24894,41142
Washington University in St Louis,Private,74361,74361
Webster University,Private,45762,45762
Westminster College,Private,42630,42630
William Jewell College,Private,48998,48998
William Woods University,Private,41010,41010
Carroll College,Private,49696,49696
Montana State University,Public,22453,40169
Montana State University Billings,Public,19914,33232
Montana State University-Northern,Public,17025,29735
Montana Technological University,Public,22603,37766
Rocky Mountain College,Private,41472,41472
Salish Kootenai College,Private,17269,22504
The University of Montana,Public,20966,38681
The University of Montana-Western,Public,20991,32453
University of Providence,Private,39768,39768
Bellevue University,Private,20970,20970
Chadron State College,Public,21662,21692
Clarkson College,Private,26842,26842
College of Saint Mary,Private,31590,31590
Concordia University-Nebraska,Private,44110,44110
Creighton University,Private,54952,54952
Doane University-Arts & Sciences,Private,48570,48570
Hastings College,Private,44678,44678
Midland University,Private,44278,44278
Nebraska Christian College of Hope International University,Private,33564,33564
Nebraska Methodist College of Nursing & Allied Health,Private,32116,32116
Nebraska Wesleyan University,Private,48324,48324
Peru State College,Public,20232,20232
Summit Christian College,Private,12018,12018
Union College,Private,35900,35900
University of Nebraska at Kearney,Public,23040,29270
University of Nebraska at Omaha,Public,22300,35274
University of Nebraska-Lincoln,Public,24936,40732
Wayne State College,Public,19178,24608
York College,Private,29580,29580
Great Basin College,Public,14698,21446
Sierra Nevada College,Private,51198,51198
University of Nevada-Las Vegas,Public,24035,39182
University of Nevada-Reno,Public,25039,39676
Colby-Sawyer College,Private,59662,59662
Dartmouth College,Private,74359,74359
Franklin Pierce University,Private,53745,53745
Keene State College,Public,27988,36952
New England College,Private,55386,55386
New Hampshire Institute of Art,Private,44840,44840
Northeast Catholic College,Private,34756,34756
Plymouth State University,Public,28950,37620
Rivier University,Private,49560,49560
Saint Anselm College,Private,59294,59294
Southern New Hampshire University,Private,51538,51538
Thomas More College of Liberal Arts,Private,33500,33500
University of New Hampshire at Manchester,Public,30136,45506
University of New Hampshire-Main Campus,Public,33750,49130
Bais Medrash Mayan Hatorah,Private,16650,16650
Bais Medrash Toras Chesed,Private,11300,11300
Beth Medrash of Asbury Park,Private,18940,18940
Bloomfield College,Private,45946,45946
Caldwell University,Private,50640,50640
Centenary University,Private,49232,49232
College of Saint Elizabeth,Private,52548,52548
Drew University,Private,57230,57230
Fairleigh Dickinson University-Florham Campus,Private,60644,60644
Fairleigh Dickinson University-Metropolitan Campus,Private,58188,58188
Felician University,Private,51550,51550
Georgian Court University,Private,51734,51734
Kean University,Public,30475,37510
Monmouth University,Private,56979,56979
Montclair State University,Public,31704,39492
New Jersey City University,Public,32076,41598
New Jersey Institute of Technology,Public,37738,53150
Princeton University,Private,70900,70900
Rabbi Jacob Joseph School,Private,19200,19200
Rabbinical College of America,Private,23000,23000
Ramapo College of New Jersey,Public,31572,40913
Rider University,Private,62140,62140
Rowan University,Public,32099,40741
Rutgers University-Camden,Public,31934,47712
Rutgers University-New Brunswick,Public,32443,48751
Rutgers University-Newark,Public,32708,49016
Saint Peter’s University,Private,55200,55200
Seton Hall University,Private,59670,59670
Stevens Institute of Technology,Private,69292,69292
Stockton University,Public,30838,37965
Talmudical Academy-New Jersey,Private,20700,20700
The College of New Jersey,Public,34992,46707
William Paterson University of New Jersey,Public,29335,37535
Yeshiva Bais Aharon,Private,15175,15175
Yeshiva Chemdas Hatorah,Private,19830,19830
Yeshiva Gedola Tiferes Yerachmiel,Private,14800,14800
Yeshiva Gedolah Keren Hatorah,Private,14150,14150
Yeshiva Gedolah of Cliffwood,Private,14850,14850
Yeshiva Gedolah Shaarei Shmuel,Private,14900,14900
Yeshiva Gedolah Tiferes Boruch,Private,15300,15300
Yeshiva Gedolah Zichron Leyma,Private,16750,16750
Yeshiva Toras Chaim,Private,21650,21650
Yeshiva Yesodei Hatorah,Private,19800,19800
Yeshivas Be’er Yitzchok,Private,20000,20000
Eastern New Mexico University-Main Campus,Public,18936,20857
Institute of American Indian and Alaska Native Culture and Arts Development,Public,21384,21384
Navajo Technical University,Public,15510,15510
New Mexico Highlands University,Public,19134,23286
New Mexico Institute of Mining and Technology,Public,22410,36908
New Mexico State University-Main Campus,Public,21380,36464
St. John’s College,Private,67916,67916
University of New Mexico-Main Campus,Public,22639,37592
University of the Southwest,Private,27626,27626
Western New Mexico University,Public,22454,29927
Adelphi University,Private,58430,58430
Albany College of Pharmacy and Health Sciences,Private,49585,49585
Alfred University,Private,45104,45104
American Musical and Dramatic Academy,Private,56700,56700
Bais Binyomin Academy,Private,18050,18050
Bais Medrash Elyon,Private,15400,15400
Bard College,Private,72768,72768
Barnard College,Private,74777,74777
Be’er Yaakov Talmudic Seminary,Private,18070,18070
Beis Medrash Heichal Dovid,Private,18000,18000
Bet Medrash Gadol Ateret Torah,Private,17710,17710
Beth Hamedrash Shaarei Yosher Institute,Private,17500,17500
Beth Medrash Meor Yitzchok,Private,20150,20150
Binghamton University,Public,26911,43706
Canisius College,Private,42288,42288
Cazenovia College,Private,51526,51526
Central Yeshiva Tomchei Tmimim Lubavitz,Private,15200,15200
Clarkson University,Private,68112,68112
Colgate University,Private,72275,72275
College of Mount Saint Vincent,Private,52065,52065
College of Staten Island CUNY,Public,32394,40064
Columbia University in the City of New York,Private,76856,76856
Concordia College-New York,Private,48220,48220
Cooper Union for the Advancement of Science and Art,Private,66313,66313
Cornell University,Private,73904,73904
Culinary Institute of America,Private,48180,48180
CUNY Bernard M Baruch College,Public,32681,40351
CUNY City College,Public,29967,37637
CUNY Hunter College,Public,22379,30049
CUNY John Jay College of Criminal Justice,Public,35261,42931
CUNY Lehman College,Public,27857,35527
CUNY Queens College,Public,28907,36577
D’Youville College,Private,43174,43174
Daemen College,Private,43995,43995
Davis College,Private,27650,27650
Dominican College of Blauvelt,Private,46600,46600
Elmira College,Private,55050,55050
Farmingdale State College,Public,24744,34524
Fashion Institute of Technology,Public,24220,34000
Five Towns College,For-Profit,38880,38880
Fordham University,Private,74265,74265
Hamilton College,Private,69990,69990
Hartwick College,Private,59370,59370
Hilbert College,Private,34250,34250
Hobart William Smith Colleges,Private,72040,72040
Hofstra University,Private,63748,63748
Houghton College,Private,45626,45626
Iona College,Private,57440,57440
Ithaca College,Private,62757,62757
Jewish Theological Seminary of America,Private,76848,76848
Kehilath Yakov Rabbinical Seminary,Private,14225,14225
Keuka College,Private,49120,49120
Le Moyne College,Private,51100,51100
LIM College,For-Profit,50980,50980
Long Island University,Private,56283,56283
Machzikei Hadath Rabbinical College,Private,15500,15500
Manhattan College,Private,62128,62128
Manhattan School of Music,Private,68685,68685
Manhattanville College,Private,55690,55690
Marist College,Private,58150,58150
Marymount Manhattan College,Private,58110,58110
Medaille College,Private,45200,45200
Mercy College,Private,38200,38200
Mesivta of Eastern Parkway-Yeshiva Zichron Meilech,Private,17850,17850
Mesivta Torah Vodaath Rabbinical Seminary,Private,19860,19860
Mesivtha Tifereth Jerusalem of America,Private,16500,16500
Mirrer Yeshiva Cent Institute,Private,20612,20612
Molloy College,Private,51856,51856
Monroe College,For-Profit,31278,31278
Mount Saint Mary College,Private,49076,49076
Nazareth College,Private,50235,50235
New York Institute of Technology,Private,58496,58496
New York School of Interior Design,Private,51734,51734
New York University,Private,73566,73566
Niagara University,Private,49830,49830
Nyack College,Private,40497,40497
Ohr Hameir Theological Seminary,Private,21350,21350
Pace University,Private,66499,66499
Paul Smiths College of Arts and Science,Private,45792,45792
Pratt Institute-Main,Private,67742,67742
Rabbinical Academy Mesivta Rabbi Chaim Berlin,Private,19450,19450
Rabbinical College Beth Shraga,Private,23250,23250
Rabbinical College Bobover Yeshiva Bnei Zion,Private,16050,16050
Rabbinical College of Long Island,Private,17700,17700
Rabbinical College of Ohr Shimon Yisroel,Private,18500,18500
Rabbinical College Ohr Yisroel,Private,14850,14850
Rabbinical Seminary of America,Private,19100,19100
Rensselaer Polytechnic Institute,Private,71998,71998
Roberts Wesleyan College,Private,46396,46396
Rochester Institute of Technology,Private,57401,57401
Saint John Fisher College,Private,49210,49210
Sarah Lawrence College,Private,72670,72670
School of Visual Arts,For-Profit,66768,66768
Sh’or Yoshuv Rabbinical College,Private,19560,19560
Siena College,Private,55706,55706
Skidmore College,Private,71730,71730
St Bonaventure University,Private,49136,49136
St Francis College,Private,44488,44488
St John’s University-New York,Private,61408,61408
St Lawrence University,Private,70630,70630
St. Thomas Aquinas College,Private,49310,49310
State University of New York at New Paltz,Public,25641,35421
Stony Brook University,Public,26091,43761
SUNY at Albany,Public,26734,43574
SUNY at Fredonia,Public,23902,33682
SUNY at Purchase College,Public,26982,36762
SUNY Buffalo State,Public,25846,35626
SUNY College at Brockport,Public,24608,34388
SUNY College at Geneseo,Public,25761,35541
SUNY College at Old Westbury,Public,24133,33913
SUNY College at Oswego,Public,24780,34560
SUNY College at Plattsburgh,Public,25059,34839
SUNY College at Potsdam,Public,24914,34694
SUNY College of Agriculture and Technology at Cobleskill,Public,26107,35887
SUNY College of Environmental Science and Forestry,Public,28994,38774
SUNY College of Technology at Alfred,Public,25422,32247
SUNY College of Technology at Canton,Public,24513,28503
SUNY College of Technology at Delhi,Public,24270,28240
SUNY Cortland,Public,25220,35000
SUNY Maritime College,Public,25905,35685
SUNY Morrisville,Public,29300,39350
SUNY Oneonta,Public,25028,34478
SUNY Polytechnic Institute,Public,24360,34140
Syracuse University,Private,70636,70636
Talmudical Institute of Upstate New York,Private,14550,14550
Talmudical Seminary of Bobov,Private,17700,17700
Talmudical Seminary Oholei Torah,Private,21500,21500
The College of New Rochelle,Private,55694,55694
The College of Saint Rose,Private,48588,48588
The Juilliard School,Private,65610,65610
The King’s College,Private,58425,58425
The New School,Private,71361,71361
The Sage Colleges,Private,46600,46600
Torah Temimah Talmudical Seminary,Private,18550,18550
Touro College,Private,37436,37436
Union College,Private,70860,70860
United States Merchant Marine Academy,Public,5075,5075
United Talmudical Seminary,Private,21655,21655
University at Buffalo,Public,27758,45428
University of Rochester,Private,72721,72721
Uta Mesivta of Kiryas Joel,Private,22600,22600
Utica College,Private,35794,35794
Vassar College,Private,72760,72760
Vaughn College of Aeronautics and Technology,Private,48460,48460
Wagner College,Private,64382,64382
Webb Institute,Private,70825,70825
Wells College,Private,56650,56650
Yeshiva D’monsey Rabbinical College,Private,15800,15800
Yeshiva Derech Chaim,Private,19900,19900
Yeshiva Gedola Ohr Yisrael,Private,16600,16600
Yeshiva Gedolah Kesser Torah,Private,19300,19300
Yeshiva Karlin Stolin,Private,20000,20000
Yeshiva Kollel Tifereth Elizer,Private,19960,19960
Yeshiva of Far Rockaway Derech Ayson Rabbinical Seminary,Private,22250,22250
Yeshiva of Machzikai Hadas,Private,26130,26130
Yeshiva of Nitra Rabbinical College,Private,16300,16300
Yeshiva of the Telshe Alumni,Private,19700,19700
Yeshiva Ohr Naftoli,Private,18200,18200
Yeshiva Shaar Ephraim,Private,22560,22560
Yeshiva Shaar Hatorah,Private,18380,18380
Yeshiva Shaarei Torah of Rockland,Private,20100,20100
Yeshiva Sholom Shachna,Private,19450,19450
Yeshiva University,Private,62075,62075
Yeshiva Zichron Aryeh,Private,18250,18250
Yeshivas Maharit D’Satmar,Private,19420,19420
Yeshivas Novominsk,Private,17500,17500
Yeshivath Viznitz,Private,18150,18150
Yeshivath Zichron Moshe,Private,21600,21600
Appalachian State University,Public,19194,34001
Barton College,Private,46600,46600
Belmont Abbey College,Private,32894,32894
Bennett College,Private,32817,32817
Brevard College,Private,42440,42440
Campbell University,Private,49640,49640
Carolina Christian College,Private,14700,14700
Catawba College,Private,45842,45842
Chowan University,Private,37070,37070
Davidson College,Private,68594,68594
Duke University,Private,74339,74339
East Carolina University,Public,21672,37949
Elizabeth City State University,Public,12960,16960
Elon University,Private,51049,51049
Fayetteville State University,Public,16802,28410
Gardner-Webb University,Private,46420,46420
Greensboro College,Private,42440,42440
Guilford College,Private,52770,52770
High Point University,Private,52998,52998
Johnson & Wales University-Charlotte,Private,49740,49740
Johnson C Smith University,Private,32136,32136
Lees-McRae College,Private,42800,42800
Lenoir-Rhyne University,Private,52920,52920
Living Arts College,For-Profit,31494,31494
Livingstone College,Private,28390,28390
Mars Hill University,Private,44460,44460
Meredith College,Private,50796,50796
Methodist University,Private,55965,55965
Mid-Atlantic Christian University,Private,30450,30450
Montreat College,Private,39839,39839
North Carolina A & T State University,Public,18136,31346
North Carolina Central University,Public,24419,37126
North Carolina State University at Raleigh,Public,23977,43320
North Carolina Wesleyan College,Private,44050,44050
Pfeiffer University,Private,44960,44960
Piedmont International University,Private,20829,20829
Queens University of Charlotte,Private,48968,48968
Saint Augustine’s University,Private,31862,31862
Salem College,Private,46926,46926
Shaw University,Private,29378,29378
Southeastern Baptist Theological Seminary,Private,18587,18587
St. Andrews University,Private,39656,39656
University of Mount Olive,Private,32500,32500
University of North Carolina at Asheville,Public,20189,36912
University of North Carolina at Chapel Hill,Public,23811,49994
University of North Carolina at Charlotte,Public,23694,37128
University of North Carolina at Greensboro,Public,21297,36456
University of North Carolina at Pembroke,Public,17088,21088
University of North Carolina School of the Arts,Public,22112,38255
University of North Carolina Wilmington,Public,24982,39047
Wake Forest University,Private,71638,71638
Warren Wilson College,Private,51100,51100
Western Carolina University,Public,17705,21705
William Peace University,Private,46130,46130
Wingate University,Private,48746,48746
Winston-Salem State University,Public,20134,30381
Bismarck State College,Public,14676,16272
Dickinson State University,Public,18832,21610
Mayville State University,Public,18606,21339
Minot State University,Public,18324,18324
North Dakota State University-Main Campus,Public,22436,26415
Nueta Hidatsa Sahnish College,Public,15490,15490
Sitting Bull College,Public,14256,14256
Trinity Bible College and Graduate School,Private,27302,27302
United Tribes Technical College,Private,12822,12822
University of Jamestown,Private,34362,34362
University of Mary,Private,29290,29290
University of North Dakota,Public,22091,34155
Valley City State University,Public,18750,28290
Allegheny Wesleyan College,Private,14412,14412
Antioch College,Private,52628,52628
Art Academy of Cincinnati,Private,47050,47050
Ashland University,Private,34792,34792
Baldwin Wallace University,Private,47528,47528
Bluffton University,Private,47566,47566
Bowling Green State University-Main Campus,Public,24915,32903
Capital University,Private,50334,50334
Case Western Reserve University,Private,67332,67332
Cedarville University,Private,40648,40648
Central State University,Public,19278,21278
Cincinnati Christian University,Private,32360,32360
Cleveland Institute of Art,Private,58880,58880
Cleveland Institute of Music,Private,60075,60075
Cleveland State University,Public,29045,33412
Columbus College of Art and Design,Private,49834,49834
Defiance College,Private,46720,46720
Denison University,Private,66870,66870
Franciscan University of Steubenville,Private,39200,39200
Gods Bible School and College,Private,16040,16040
Heidelberg University,Private,44400,44400
Hiram College,Private,49815,49815
John Carroll University,Private,57464,57464
Kent State University at Kent,Public,25886,34588
Kenyon College,Private,71780,71780
Kettering College,Private,27997,27997
Lake Erie College,Private,45510,45510
Lourdes University,Private,36766,36766
Malone University,Private,44660,44660
Marietta College,Private,50154,50154
Miami University-Oxford,Public,33229,52745
Mount Carmel College of Nursing,Private,25247,25247
Mount Saint Joseph University,Private,41742,41742
Mount Vernon Nazarene University,Private,42614,42614
Muskingum University,Private,42314,42314
Notre Dame College,Private,45150,45150
Oberlin College,Private,74636,74636
Ohio Christian University,Private,33532,33532
Ohio Dominican University,Private,45220,45220
Ohio Northern University,Private,47711,47711
Ohio State University-Main Campus,Public,27367,47383
Ohio State University-Mansfield Campus,Public,23002,43018
Ohio State University-Newark Campus,Public,23002,43018
Ohio University-Main Campus,Public,28986,38450
Ohio Wesleyan University,Private,61910,61910
Otterbein University,Private,46908,46908
Pontifical College Josephinum,Private,40050,40050
Rabbinical College Telshe,Private,20200,20200
Shawnee State University,Public,23148,29306
The College of Wooster,Private,64000,64000
The University of Findlay,Private,46920,46920
Tiffin University,Private,40200,40200
University of Akron Main Campus,Public,27279,31316
University of Cincinnati-Main Campus,Public,27476,43810
University of Dayton,Private,59230,59230
University of Mount Union,Private,43795,43795
University of Northwestern Ohio,Private,23980,23980
University of Rio Grande,Private,43875,43875
University of Toledo,Public,28423,37783
Urbana University,Private,39276,39276
Ursuline College,Private,46166,46166
Walsh University,Private,44236,44236
Wilberforce University,Private,23250,23250
Wilmington College,Private,39500,39500
Wittenberg University,Private,53056,53056
Wright State University-Lake Campus,Public,21380,30524
Wright State University-Main Campus,Public,25116,34260
Xavier University,Private,54310,54310
Youngstown State University,Public,22851,23211
Bacone College,Private,35150,35150
Cameron University,Public,16162,25582
East Central University,Public,18292,27502
Family of Faith Christian University,Private,22914,22914
Langston University,Public,20050,27410
Mid-America Christian University,Private,31026,31026
Northeastern State University,Public,17666,25736
Northwestern Oklahoma State University,Public,16951,24038
Oklahoma Baptist University,Private,41576,41576
Oklahoma Christian University,Private,36605,36605
Oklahoma City University,Private,44172,44172
Oklahoma Panhandle State University,Public,16421,17165
Oklahoma State University Institute of Technology,Public,13992,19602
Oklahoma State University-Main Campus,Public,24105,39625
Oklahoma Wesleyan University,Private,40306,40306
Oral Roberts University,Private,42660,42660
Randall University,Private,27656,27656
Rogers State University,Public,22324,30664
Southeastern Oklahoma State University,Public,17430,26070
Southern Nazarene University,Private,38478,38478
Southwestern Christian University,Private,24680,24680
Southwestern Oklahoma State University,Public,21241,28141
Spartan College of Aeronautics and Technology,For-Profit,32334,32334
University of Central Oklahoma,Public,24091,34978
University of Oklahoma-Norman Campus,Public,29097,44478
University of Science and Arts of Oklahoma,Public,18360,28710
University of Tulsa,Private,59725,59725
Concordia University-Portland,Private,44078,44078
Corban University,Private,46350,46350
Eastern Oregon University,Public,22664,34724
George Fox University,Private,50270,50270
Lewis & Clark College,Private,66526,66526
Linfield College-McMinnville Campus,Private,59007,59007
Mount Angel Seminary,Private,37628,37628
Multnomah University,Private,42815,42815
New Hope Christian College-Eugene,Private,25930,25930
Northwest Christian University,Private,42650,42650
Oregon College of Art and Craft,Private,49015,49015
Oregon Institute of Technology,Public,24252,42802
Oregon State University,Public,26892,45867
Oregon State University-Cascades Campus,Public,25884,45129
Pacific Northwest College of Art,Private,55410,55410
Pacific University,Private,59490,59490
Portland State University,Public,26085,44417
Reed College,Private,73207,73207
Southern Oregon University,Public,27510,43440
University of Oregon,Public,27366,50946
University of Portland,Private,62200,62200
Warner Pacific University,Private,31840,31840
Western Oregon University,Public,24315,40539
Willamette University,Private,65109,65109
Albright College,Private,60636,60636
Allegheny College,Private,63180,63180
Alvernia University,Private,51240,51240
Arcadia University,Private,59980,59980
Bloomsburg University of Pennsylvania,Public,25052,36876
Bryn Athyn College of the New Church,Private,36496,36496
Bryn Mawr College,Private,70860,70860
Bucknell University,Private,72750,72750
Cabrini University,Private,47320,47320
Cairn University-Langhorne,Private,40611,40611
California University of Pennsylvania,Public,26644,31262
Carlow University,Private,44378,44378
Carnegie Mellon University,Private,72283,72283
Cedar Crest College,Private,53610,53610
Central Penn College,For-Profit,28830,28830
Chatham University,Private,52131,52131
Chestnut Hill College,Private,54072,54072
Cheyney University of Pennsylvania,Public,24463,29729
Clarion University of Pennsylvania,Public,27975,32854
Clarks Summit University,Private,32910,32910
Curtis Institute of Music,Private,23369,23369
Delaware Valley University,Private,56580,56580
DeSales University,Private,54020,54020
Dickinson College,Private,71339,71339
Drexel University,Private,70223,70223
Duquesne University,Private,54364,54364
East Stroudsburg University of Pennsylvania,Public,26964,39646
Eastern University,Private,49461,49461
Edinboro University of Pennsylvania,Public,25600,29648
Elizabethtown College,Private,60460,60460
Franklin and Marshall College,Private,73070,73070
Gannon University,Private,48464,48464
Geneva College,Private,39450,39450
Gettysburg College,Private,68990,68990
Grove City College,Private,29550,29550
Gwynedd Mercy University,Private,49920,49920
Harrisburg University of Science and Technology,Private,35550,35550
Haverford College,Private,73902,73902
Holy Family University,Private,46850,46850
Immaculata University,Private,46000,46000
Indiana University of Pennsylvania-Main Campus,Public,28595,34346
Juniata College,Private,60368,60368
Keystone College,Private,41970,41970
King’s College,Private,54046,54046
Kutztown University of Pennsylvania,Public,27890,39714
La Roche University,Private,43750,43750
La Salle University,Private,47110,47110
Lackawanna College,Private,30460,30460
Lafayette College,Private,71270,71270
Lancaster Bible College,Private,37370,37370
Lebanon Valley College,Private,59192,59192
Lehigh University,Private,68595,68595
Lincoln University,Public,25682,31598
Lock Haven University,Public,26893,36717
Lycoming College,Private,56155,56155
Manor College,Private,29483,29483
Mansfield University of Pennsylvania,Public,29062,38762
Marywood University,Private,51960,51960
Mercyhurst University,Private,53311,53311
Messiah College,Private,49280,49280
Millersville University of Pennsylvania,Public,30538,40508
Misericordia University,Private,49450,49450
Moore College of Art and Design,Private,60292,60292
Moravian College,Private,60164,60164
Mount Aloysius College,Private,39258,39258
Muhlenberg College,Private,67535,67535
Neumann University,Private,47777,47777
Pennsylvania Academy of the Fine Arts,Private,61071,61071
Pennsylvania College of Art and Design,Private,38782,38782
Pennsylvania College of Technology,Public,33152,40292
Pennsylvania State University-Main Campus,Public,36652,53056
Pennsylvania State University-Penn State Abington,Public,32722,41476
Pennsylvania State University-Penn State Altoona,Public,33396,42648
Pennsylvania State University-Penn State Beaver,Public,31900,40084
Pennsylvania State University-Penn State Berks,Public,33396,42648
Pennsylvania State University-Penn State Brandywine,Public,32666,41226
Pennsylvania State University-Penn State Erie-Behrend College,Public,33396,42648
Pennsylvania State University-Penn State Greater Allegheny,Public,31900,40084
Pennsylvania State University-Penn State Harrisburg,Public,33396,42648
Pennsylvania State University-Penn State Hazleton,Public,32666,41226
Pennsylvania State University-Penn State Mont Alto,Public,31900,40084
Pennsylvania State University-Penn State Schuylkill,Public,32666,41226
Pittsburgh Technical College,Private,33683,33683
Point Park University,Private,46090,46090
Robert Morris University,Private,48220,48220
Rosemont College,Private,35356,35356
Saint Charles Borromeo Seminary-Overbrook,Private,39170,39170
Saint Francis University,Private,53700,53700
Saint Joseph’s University,Private,61994,61994
Saint Vincent College,Private,50329,50329
Seton Hill University,Private,51432,51432
Shippensburg University of Pennsylvania,Public,29086,37128
Slippery Rock University of Pennsylvania,Public,25147,29005
Susquehanna University,Private,62480,62480
Swarthmore College,Private,71167,71167
Talmudical Yeshiva of Philadelphia,Private,19600,19600
Temple University,Public,33004,45100
The Restaurant School at Walnut Hill College,For-Profit,39938,39938
The University of the Arts,Private,67741,67741
Thiel College,Private,48450,48450
Thomas Jefferson University,Private,59762,59762
University of Pennsylvania,Private,74408,74408
University of Pittsburgh-Bradford,Public,28100,39344
University of Pittsburgh-Greensburg,Public,29278,40522
University of Pittsburgh-Johnstown,Public,28694,39938
University of Pittsburgh-Pittsburgh Campus,Public,33503,46475
University of Scranton,Private,62686,62686
University of the Sciences,Private,45638,45638
University of Valley Forge,Private,35787,35787
Ursinus College,Private,68122,68122
Villanova University,Private,70728,70728
Washington & Jefferson College,Private,61814,61814
Waynesburg University,Private,37000,37000
West Chester University of Pennsylvania,Public,27074,38898
Westminster College,Private,50186,50186
Widener University,Private,63422,63422
Wilkes University,Private,55676,55676
Wilson College,Private,39149,39149
Yeshivath Beth Moshe,Private,17100,17100
York College of Pennsylvania,Private,34550,34550
Brown University,Private,73802,73802
Bryant University,Private,62320,62320
Johnson & Wales University-Providence,Private,50454,50454
New England Institute of Technology,Private,47792,47792
Providence College,Private,67300,67300
Rhode Island College,Public,23398,36161
Rhode Island School of Design,Private,70560,70560
Roger Williams University,Private,54642,54642
Salve Regina University,Private,58500,58500
University of Rhode Island,Public,30351,47075
Allen University,Private,23170,23170
Anderson University,Private,43110,43110
Benedict College,Private,28000,28000
Bob Jones University,Private,27926,27926
Charleston Southern University,Private,40940,40940
Citadel Military College of South Carolina,Public,29663,52135
Claflin University,Private,33198,33198
Clemson University,Public,31270,53024
Clinton College,Private,21771,21771
Coastal Carolina University,Public,25520,40632
Coker College,Private,42048,42048
College of Charleston,Public,30239,49421
Columbia College,Private,33123,33123
Columbia International University,Private,36150,36150
Converse College,Private,34230,34230
Erskine College,Private,53500,53500
Francis Marion University,Public,24854,35366
Furman University,Private,65024,65024
Lander University,Public,24700,34300
Limestone College,Private,41001,41001
Morris College,Private,25995,25995
Newberry College,Private,41199,41199
North Greenville University,Private,36682,36682
Presbyterian College,Private,52910,52910
South Carolina State University,Public,30060,40750
Southern Wesleyan University,Private,37856,37856
University of South Carolina-Aiken,Public,24818,35276
University of South Carolina-Beaufort,Public,25142,36188
University of South Carolina-Columbia,Public,28303,48983
University of South Carolina-Upstate,Public,25442,37110
Voorhees College,Private,26336,26336
Winthrop University,Public,28938,43194
Wofford College,Private,60363,60363
Augustana University,Private,46982,46982
Black Hills State University,Public,21211,24256
Dakota State University,Public,21992,24965
Dakota Wesleyan University,Private,37840,37840
Mount Marty College,Private,40888,40888
Northern State University,Public,21826,24799
Oglala Lakota College,Public,12034,12034
Presentation College,Private,33983,33983
South Dakota School of Mines and Technology,Public,25020,29280
South Dakota State University,Public,23127,26491
University of Sioux Falls,Private,30230,30230
University of South Dakota,Public,22856,26220
American Baptist College,Private,24644,24644
Austin Peay State University,Public,24946,40186
Baptist Memorial College of Health Sciences,Private,23207,23207
Belmont University,Private,52760,52760
Bethel University,Private,31570,31570
Bryan College-Dayton,Private,38250,38250
Carson-Newman University,Private,41320,41320
Christian Brothers University,Private,46036,46036
Cumberland University,Private,37990,37990
East Tennessee State University,Public,24068,42332
Fisk University,Private,37070,37070
Freed-Hardeman University,Private,34950,34950
Hiwassee College,Private,31594,31594
Johnson University,Private,27062,27062
King University,Private,43490,43490
Lane College,Private,21900,21900
Le Moyne-Owen College,Private,19296,19296
Lee University,Private,31150,31150
Lincoln Memorial University,Private,36880,36880
Lipscomb University,Private,49546,49546
Martin Methodist College,Private,41646,41646
Maryville College,Private,50254,50254
Mid-South Christian College,Private,17289,17289
Middle Tennessee State University,Public,22964,41204
Milligan College,Private,43802,43802
Rhodes College,Private,63040,63040
Southern Adventist University,Private,34990,34990
Tennessee State University,Public,22998,35718
Tennessee Technological University,Public,26131,41995
Tennessee Wesleyan University,Private,36080,36080
The University of Tennessee-Chattanooga,Public,23614,39732
The University of Tennessee-Knoxville,Public,31510,49930
The University of Tennessee-Martin,Public,21246,27286
The University of the South,Private,60950,60950
Trevecca Nazarene University,Private,39484,39484
Tusculum University,Private,40780,40780
Union University,Private,53550,53550
University of Memphis,Public,25423,37135
Vanderbilt University,Private,70146,70146
Visible Music College,Private,30500,30500
Watkins College of Art Design & Film,Private,41950,41950
Welch College,Private,34726,34726
Abilene Christian University,Private,49722,49722
Angelo State University,Public,21046,31006
Arlington Baptist University,Private,24493,24493
Austin College,Private,55137,55137
Baptist Missionary Association Theological Seminary,Private,16300,16300
Baptist University of the Americas,Private,16210,16210
Baylor University,Private,62527,62527
Concordia University Texas,Private,47244,47244
Dallas Baptist University,Private,41170,41170
Dallas Christian College,Private,33844,33844
East Texas Baptist University,Private,38787,38787
Hardin-Simmons University,Private,41046,41046
Houston Baptist University,Private,46340,46340
Howard Payne University,Private,40566,40566
Huston-Tillotson University,Private,24414,24414
Jarvis Christian College,Private,25280,25280
Lamar University,Public,22641,32601
LeTourneau University,Private,44420,44420
Lubbock Christian University,Private,36284,36284
McMurry University,Private,41375,41375
Messenger College,Private,22202,22202
Midland College,Public,12702,13962
Midwestern State University,Public,21069,23019
North American University,Private,23600,23600
Our Lady of the Lake University,Private,43168,43168
Paul Quinn College,Private,19020,19020
Prairie View A & M University,Public,24847,39157
Rice University,Private,65150,65150
Saint Edward’s University,Private,61670,61670
Sam Houston State University,Public,22478,32438
Schreiner University,Private,40143,40143
Southern Methodist University,Private,74737,74737
Southwestern Adventist University,Private,33669,33669
Southwestern Assemblies of God University,Private,34178,34178
Southwestern Christian College,Private,16969,16969
Southwestern University,Private,55970,55970
St. Mary’s University,Private,45320,45320
Stephen F Austin State University,Public,22156,32116
Sul Ross State University,Public,20466,30426
Tarleton State University,Public,21795,31755
Texas A & M International University,Public,18549,29437
Texas A & M University-College Station,Public,29506,55131
Texas A & M University-Commerce,Public,22983,35433
Texas A & M University-Corpus Christi,Public,23337,33714
Texas A & M University-Kingsville,Public,23285,38262
Texas A&M University-San Antonio,Public,26076,38579
Texas A&M University-Texarkana,Public,19533,31562
Texas Christian University,Private,65684,65684
Texas College,Private,21008,21008
Texas Lutheran University,Private,43310,43310
Texas Southern University,Public,25343,37793
Texas State University,Public,23130,34750
Texas Tech University,Public,24472,34432
Texas Wesleyan University,Private,46252,46252
Texas Woman’s University,Public,20272,30232
The University of Texas at Arlington,Public,26660,42697
The University of Texas at Austin,Public,26506,53476
The University of Texas at Dallas,Public,29286,53128
The University of Texas at El Paso,Public,23843,38274
The University of Texas at San Antonio,Public,23715,35204
The University of Texas at Tyler,Public,21730,34720
The University of Texas of the Permian Basin,Public,20890,21730
The University of Texas Rio Grande Valley,Public,20471,30431
Trinity University,Private,58840,58840
Tyler Junior College,Public,18564,19284
University of Dallas,Private,57352,57352
University of Houston,Public,23225,35585
University of Houston-Clear Lake,Public,23276,36228
University of Houston-Victoria,Public,19627,29587
University of Mary Hardin-Baylor,Private,41426,41426
University of North Texas,Public,24712,34672
University of North Texas at Dallas,Public,23374,35824
University of St Thomas,Private,47646,47646
University of the Incarnate Word,Private,48628,48628
Wayland Baptist University,Private,33318,33318
West Texas A & M University,Public,21285,22654
Wiley College,Private,23906,23906
Brigham Young University-Provo,Private,18776,18776
Dixie State University,Public,18755,28553
Neumont College of Computer Science,For-Profit,33878,33878
Snow College,Public,12942,21762
Southern Utah University,Public,20420,34236
University of Utah,Public,24472,44465
Utah State University,Public,20504,34682
Weber State University,Public,20511,30298
Westminster College,Private,48264,48264
Bennington College,Private,73270,73270
Castleton University,Public,25316,41324
Champlain College,Private,59698,59698
College of St Joseph,Private,33820,33820
Green Mountain College,Private,50352,50352
Landmark College,Private,74040,74040
Marlboro College,Private,56458,56458
Middlebury College,Private,71980,71980
New England Culinary Institute,For-Profit,40221,40221
Northern Vermont University,Public,25424,38744
Norwich University,Private,58054,58054
Saint Michael’s College,Private,59765,59765
Southern Vermont College,Private,38511,38511
Sterling College,Private,50900,50900
University of Vermont,Public,34210,58450
Vermont Technical College,Public,28356,41028
Averett University,Private,47918,47918
Bluefield College,Private,38844,38844
Bridgewater College,Private,51310,51310
Christopher Newport University,Public,31102,43968
College of William and Mary,Public,39221,61093
Eastern Mennonite University,Private,51500,51500
Emory & Henry College,Private,50800,50800
Ferrum College,Private,48530,48530
George Mason University,Public,30284,53744
Hampden-Sydney College,Private,62304,62304
Hampton University,Private,42380,42380
Hollins University,Private,55655,55655
James Madison University,Public,27356,43756
Jefferson College of Health Sciences,Private,44536,44536
Liberty University,Private,40075,40075
Longwood University,Public,27330,43290
Mary Baldwin University,Private,43550,43550
Marymount University,Private,50766,50766
Norfolk State University,Public,24995,36163
Old Dominion University,Public,26456,45356
Radford University,Public,24088,36170
Randolph College,Private,57115,57115
Randolph-Macon College,Private,55860,55860
Regent University,Private,29763,29763
Roanoke College,Private,61095,61095
Shenandoah University,Private,47000,47000
Southern Virginia University,Private,28261,28261
Sweet Briar College,Private,38100,38100
The University of Virginia’s College at Wise,Public,24596,42323
University of Lynchburg,Private,52880,52880
University of Mary Washington,Public,28626,44560
University of Richmond,Private,67020,67020
University of Virginia-Main Campus,Public,33493,64872
Virginia Commonwealth University,Public,32041,53382
Virginia Military Institute,Public,31494,58338
Virginia Polytechnic Institute and State University,Public,26834,45122
Virginia State University,Public,23239,34490
Virginia Union University,Private,31358,31358
Virginia University of Lynchburg,Private,25329,25329
Virginia Wesleyan University,Private,50517,50517
Washington and Lee University,Private,70500,70500
Bellevue College,Public,20584,25950
Central Washington University,Public,23201,38182
Centralia College,Public,19257,19692
City University of Seattle,Private,31238,31238
Columbia Basin College,Public,18068,20038
Cornish College of the Arts,Private,59442,59442
DigiPen Institute of Technology,For-Profit,46220,46220
Eastern Washington University,Public,23011,40132
Edmonds Community College,Public,17666,23036
Gonzaga University,Private,59795,59795
Northwest Indian College,Public,13989,13989
Northwest University,Private,43440,43440
Olympic College,Public,18621,19091
Pacific Lutheran University,Private,56784,56784
Pierce College-Fort Steilacoom,Public,18404,18832
Saint Martin’s University,Private,52802,52802
Seattle Pacific University,Private,58794,58794
Seattle University,Private,61608,61608
Skagit Valley College,Public,18000,18500
The Evergreen State College,Public,23397,41913
University of Puget Sound,Private,65616,65616
University of Washington-Bothell Campus,Public,27704,53085
University of Washington-Seattle Campus,Public,27638,53019
University of Washington-Tacoma Campus,Public,26978,52359
Walla Walla University,Private,37890,37890
Washington State University,Public,27484,41720
Wenatchee Valley College,Public,14760,15189
Western Washington University,Public,24077,39491
Whatcom Community College,Public,16731,22160
Whitman College,Private,68082,68082
Whitworth University,Private,59350,59350
Yakima Valley College,Public,17343,17818
Alderson Broaddus University,Private,40952,40952
Appalachian Bible College,Private,26156,26156
Bethany College,Private,44153,44153
Concord University,Public,21243,30687
Davis & Elkins College,Private,43064,43064
Fairmont State University,Public,19518,28328
Glenville State College,Public,21444,30105
Marshall University,Public,21969,32455
Ohio Valley University,Private,32880,32880
Potomac State College of West Virginia University,Public,16532,23420
Salem University,For-Profit,27180,27180
Shepherd University,Public,21903,32403
University of Charleston,Private,44700,44700
West Liberty University,Public,23302,31242
West Virginia State University,Public,24585,34039
West Virginia University,Public,23294,39388
West Virginia University Institute of Technology,Public,22374,33558
West Virginia Wesleyan College,Private,46561,46561
Wheeling Jesuit University,Private,42290,42290
Alverno College,Private,40693,40693
Beloit College,Private,61584,61584
Cardinal Stritch University,Private,44130,44130
Carroll University,Private,45360,45360
Carthage College,Private,59240,59240
Concordia University-Wisconsin,Private,44850,44850
Edgewood College,Private,44216,44216
Lakeland University,Private,42276,42276
Lawrence University,Private,60141,60141
Maranatha Baptist University,Private,26630,26630
Marian University,Private,39229,39229
Marquette University,Private,58057,58057
Milwaukee Institute of Art & Design,Private,49130,49130
Milwaukee School of Engineering,Private,53684,53684
Mount Mary University,Private,46402,46402
Northland College,Private,48809,48809
Ripon College,Private,54558,54558
Saint Norbert College,Private,50133,50133
Silver Lake College of the Holy Family,Private,44256,44256
University of Wisconsin-Eau Claire,Public,20349,28624
University of Wisconsin-Green Bay,Public,19334,27184
University of Wisconsin-La Crosse,Public,17514,26183
University of Wisconsin-Madison,Public,26025,52275
University of Wisconsin-Milwaukee,Public,24486,35765
University of Wisconsin-Oshkosh,Public,19493,27066
University of Wisconsin-Parkside,Public,19597,27586
University of Wisconsin-Platteville,Public,19323,27173
University of Wisconsin-River Falls,Public,17937,25510
University of Wisconsin-Stevens Point,Public,19069,27336
University of Wisconsin-Stout,Public,19973,27940
University of Wisconsin-Superior,Public,19711,27284
University of Wisconsin-Whitewater,Public,19062,27635
Viterbo University,Private,40530,40530
Wisconsin Lutheran College,Private,43035,43035
University of Wyoming,Public,19960,32050
